student_id,n_engagements,dt_diff_engaged,student_type_id
258800,29,177,1
258803,19,211,1
258818,77,259,1
258822,15,30,1
258832,12,80,1
258845,23,229,0
258862,21,251,1
258865,14,264,1
258906,9,67,0
258913,41,200,1
258916,9,190,1
258922,15,256,1
258924,9,64,0
258930,13,191,1
258951,7,85,0
258955,13,157,1
258956,17,124,1
258971,20,165,0
258980,11,263,1
258984,19,183,1
259011,51,129,0
259019,13,131,0
259026,29,120,1
259039,14,32,1
259054,5,89,1
259070,19,156,1
259106,75,140,1
259171,7,35,1
259174,98,283,1
259198,7,48,0
259209,6,268,1
259258,44,274,1
259260,5,252,1
259262,43,180,1
259283,103,281,1
259300,25,254,1
259305,16,50,1
259350,5,224,0
259361,6,49,1
259393,7,261,0
259408,7,87,1
259418,5,148,0
259429,60,119,1
259473,6,60,1
259483,19,148,1
259486,5,219,1
259494,16,240,1
259504,50,174,1
259506,15,87,1
259510,13,35,1
259518,5,224,0
259523,12,51,1
259524,51,209,1
259533,25,249,1
259549,15,244,1
259568,10,270,0
259654,15,286,0
259657,65,236,1
259664,5,32,1
259684,12,45,1
259702,11,220,1
259715,8,159,0
259727,19,71,1
259731,11,60,0
259761,6,213,0
259767,117,281,1
259777,14,163,1
259781,12,171,1
259834,6,110,1
259855,7,52,0
259860,69,284,1
259865,32,59,1
259870,32,236,1
259884,36,190,1
259938,26,36,1
259952,30,227,1
259953,24,51,1
259959,47,163,1
259969,14,175,1
259978,5,135,0
259983,5,188,0
259996,47,195,1
260024,10,57,1
260029,14,69,1
260032,5,31,0
260033,8,255,1
260038,6,261,0
260042,70,168,1
260111,23,193,1
260126,28,270,1
260132,22,199,1
260164,11,30,1
260168,65,276,1
260173,130,275,1
260181,15,261,1
260192,23,151,1
260200,34,275,0
260211,20,40,1
260217,5,274,1
260226,7,226,0
260291,16,53,1
260295,11,248,0
260321,24,176,1
260329,21,267,1
260334,11,133,1
260345,101,264,1
260354,8,50,1
260356,45,234,1
260389,7,220,0
260465,124,271,1
260486,32,217,1
260492,5,248,0
260549,44,270,1
260572,44,257,1
260575,10,44,0
260578,13,94,1
260593,88,92,1
260608,70,91,1
260616,24,157,1
260646,34,268,1
260649,59,267,1
260664,12,63,1
260684,30,274,1
260698,5,243,1
260702,24,271,1
260707,9,143,1
260754,121,276,1
260774,5,33,1
260787,13,131,1
260809,9,248,1
260813,54,271,1
260815,32,229,1
260824,6,36,0
260829,21,261,1
260831,7,34,1
260833,9,238,1
260842,11,248,1
260850,22,38,0
260861,26,242,1
260865,36,71,1
260888,5,76,0
260891,14,118,1
260910,53,271,1
260915,24,238,1
260916,32,274,1
260920,12,60,1
260929,13,189,1
260935,7,183,0
260939,5,178,0
260952,31,142,1
260954,29,123,1
260955,10,269,0
260964,8,72,1
260968,59,273,1
260971,30,258,1
260977,24,158,1
260980,38,274,1
260991,6,33,1
260998,91,134,1
261004,29,234,1
261019,50,267,1
261022,16,272,1
261059,16,76,1
261072,36,260,1
261073,60,244,1
261086,23,266,1
261110,8,77,1
261121,64,233,1
261139,6,154,0
261158,7,225,1
261171,55,268,1
261173,15,138,1
261184,21,57,1
261189,12,128,1
261212,81,177,1
261239,45,269,1
261263,59,63,1
261288,30,230,1
261293,16,198,1
261323,19,151,1
261325,18,156,0
261336,21,238,0
261337,22,248,1
261354,8,39,0
261359,19,159,1
261364,13,107,0
261367,9,237,1
261374,25,162,1
261390,29,185,1
261393,34,262,1
261407,7,35,0
261408,20,268,1
261412,119,201,1
261417,30,249,1
261446,52,269,1
261452,20,112,1
261466,128,211,1
261487,8,204,0
261490,10,134,1
261491,28,212,1
261495,28,260,1
261510,29,246,1
261515,7,183,1
261519,35,241,1
261521,6,64,0
261522,32,156,1
261523,17,252,0
261550,76,222,1
261552,23,202,1
261554,14,98,1
261558,14,44,1
261567,35,265,1
261582,6,170,1
261590,26,257,1
261593,34,156,1
261607,5,137,1
261608,15,261,1
261610,9,104,1
261619,11,58,1
261626,42,236,1
261631,5,47,0
261633,6,68,1
261644,23,201,1
261647,56,266,1
261654,11,216,1
261658,25,134,1
261668,40,245,1
261670,28,68,1
261674,14,264,1
261680,21,241,1
261681,5,204,0
261682,139,267,1
261685,21,34,1
261690,14,258,1
261692,10,209,1
261693,26,223,1
261714,26,210,1
261715,7,36,0
261716,12,215,1
261721,5,264,1
261724,9,245,1
261735,65,196,1
261737,43,264,1
261750,13,54,0
261753,21,115,0
261756,83,252,1
261766,34,228,1
261768,5,33,1
261771,28,45,1
261773,14,30,1
261777,88,259,1
261778,100,160,1
261779,9,196,1
261782,9,174,1
261783,7,232,1
261785,112,266,1
261788,7,140,1
261790,26,212,1
261801,85,123,1
261802,50,74,1
261805,12,188,1
261809,20,164,1
261810,31,229,1
261813,38,246,1
261817,21,216,1
261819,32,262,1
261820,47,261,1
261828,34,215,1
261829,6,45,0
261883,12,83,1
261905,133,264,1
261972,25,263,1
261979,20,156,0
262068,22,152,1
262112,73,188,1
262138,12,217,0
262190,6,184,0
262203,9,232,1
262224,28,224,1
262237,14,80,1
262246,5,96,0
262260,12,163,1
262270,34,159,1
262273,17,172,1
262297,9,192,1
262377,34,254,1
262386,9,214,1
262406,25,258,1
262412,38,238,1
262414,40,217,1
262421,8,37,1
262457,21,40,1
262459,71,258,1
262470,11,34,1
262487,15,180,1
262548,7,229,0
262550,12,34,1
262569,124,254,0
262580,75,259,1
262585,55,207,1
262596,30,171,1
262599,36,76,1
262617,9,32,0
262634,26,256,1
262641,93,242,1
262643,91,238,0
262648,5,39,1
262677,14,214,1
262705,9,237,0
262711,5,244,0
262714,41,191,1
262738,8,160,1
262747,6,150,0
262750,7,53,1
262754,25,223,1
262761,27,210,1
262784,41,256,1
262792,42,72,1
262817,35,167,1
262819,18,137,1
262821,20,104,1
262861,11,246,1
262870,11,141,0
262908,22,121,1
262955,8,182,1
262988,81,218,1
262992,17,83,1
263008,15,226,1
263065,18,194,1
263076,101,237,1
263087,88,246,1
263104,10,114,1
263112,17,39,1
263118,22,163,1
263120,23,31,1
263187,6,79,0
263197,36,190,0
263210,8,34,1
263216,6,30,1
263227,9,62,0
263231,19,122,1
263293,102,246,1
263295,6,145,0
263296,6,204,1
263300,13,110,1
263307,16,148,1
263309,42,144,1
263321,64,248,1
263354,6,187,0
263364,8,30,1
263368,25,72,1
263386,6,53,0
263388,16,60,1
263392,29,176,1
263456,22,250,1
263479,29,36,1
263480,44,239,1
263482,7,92,0
263496,74,243,1
263497,19,38,1
263501,5,55,1
263529,11,100,1
263531,37,226,1
263535,5,201,1
263536,7,182,1
263579,33,114,1
263639,17,46,1
263648,20,243,1
263650,51,218,1
263661,41,247,1
263672,15,187,1
263683,31,175,1
263690,74,242,1
263693,33,66,1
263759,53,247,1
263766,6,34,0
263783,18,219,1
263786,31,33,1
263791,21,69,1
263798,26,54,1
263822,6,192,0
263825,42,245,1
263845,11,71,1
263859,14,54,1
263875,5,148,0
263908,8,50,0
263913,28,142,1
263920,8,124,1
263973,5,162,0
264023,6,181,0
264049,39,133,1
264062,5,125,0
264081,37,129,1
264131,134,243,1
264141,8,101,1
264146,120,244,1
264228,31,236,1
264238,8,132,0
264253,14,62,1
264254,5,157,1
264259,31,65,1
264290,16,240,1
264291,10,122,1
264295,71,175,1
264306,17,185,0
264347,6,179,0
264348,14,209,0
264361,23,60,0
264368,7,211,1
264400,42,120,1
264404,73,241,1
264425,49,240,1
264472,20,127,0
264476,43,144,1
264514,28,66,1
264549,17,230,1
264563,11,30,1
264572,19,230,1
264623,30,164,1
264637,21,54,1
264684,37,227,0
264687,13,162,1
264695,5,49,0
264696,16,199,1
264699,15,201,0
264744,7,61,0
264761,24,58,1
264826,39,235,1
264831,10,107,0
264843,5,45,0
264856,9,131,1
264916,34,118,1
264931,5,228,0
264954,21,116,0
265003,18,66,1
265005,12,62,1
265025,9,44,1
265044,15,230,1
265048,8,122,0
265056,9,135,0
265092,89,211,0
265093,30,100,1
265101,76,236,1
265106,5,84,1
265110,29,77,1
265130,11,163,1
265148,7,44,0
265176,20,179,1
265196,9,64,1
265204,5,209,0
265210,9,226,1
265218,7,210,1
265250,55,96,1
265262,11,49,0
265291,7,39,0
265310,42,70,1
265317,32,63,0
265337,34,227,1
265339,7,211,1
265340,9,118,0
265370,14,204,1
265373,5,142,0
265415,56,171,1
265449,28,207,1
265462,10,145,1
265489,12,228,1
265519,30,216,1
265560,7,156,0
265572,29,52,1
265578,14,198,1
265588,71,225,1
265628,35,147,1
265652,5,206,0
265653,31,181,1
265681,12,68,0
265685,20,232,1
265686,15,177,1
265789,8,64,1
265808,18,163,0
265848,12,222,1
265878,42,217,1
265879,12,124,1
265906,6,190,1
265907,7,62,0
265915,6,207,0
265918,5,182,1
265927,6,47,1
265928,61,213,1
265930,5,94,0
265958,5,189,0
265966,67,229,1
265967,45,93,1
265969,6,58,0
265970,48,207,1
266001,100,229,1
266012,82,228,1
266057,18,225,0
266059,5,30,0
266065,8,212,0
266095,34,41,0
266112,32,68,0
266187,53,195,1
266249,9,30,1
266251,7,182,0
266255,6,98,0
266316,15,84,1
266325,13,32,1
266332,58,193,1
266340,32,218,0
266366,11,142,1
266395,12,206,1
266402,8,36,1
266410,5,163,1
266418,24,133,0
266447,7,97,0
266477,17,147,1
266485,5,100,1
266492,6,135,1
266512,107,195,1
266529,60,224,1
266532,9,160,0
266544,13,30,1
266548,51,205,0
266584,21,156,1
266603,13,83,1
266609,5,64,0
266614,44,115,1
266615,6,40,1
266616,28,207,1
266619,8,89,0
266681,5,92,0
266693,53,179,1
266711,12,30,0
266725,21,70,1
266731,17,96,1
266738,15,175,0
266743,16,218,1
266754,22,194,1
266758,76,196,1
266766,87,211,1
266788,40,118,1
266810,7,132,1
266811,14,122,1
266814,20,143,1
266916,5,222,0
266945,12,59,0
267010,29,90,1
267011,27,222,1
267026,52,205,1
267064,125,209,1
267090,9,118,1
267106,34,221,1
267109,8,36,0
267114,20,169,1
267154,7,169,0
267195,6,176,1
267203,46,193,1
267234,5,52,0
267235,21,211,1
267286,27,192,1
267358,8,41,1
267488,27,216,1
267496,22,218,1
267498,16,147,1
267558,33,112,1
267613,6,76,1
267627,8,218,0
267643,39,179,1
267661,5,139,0
267662,13,138,1
267721,33,95,1
267743,7,41,0
267765,34,216,1
267771,10,110,0
267781,5,153,0
267812,41,84,1
267813,22,137,1
267854,26,31,1
267878,10,183,1
267880,6,96,0
267885,21,77,1
267898,54,158,1
267916,84,202,1
267919,14,74,1
267936,42,213,1
267937,7,185,0
267949,22,187,1
267959,58,186,1
268011,111,202,1
268045,30,105,1
268053,13,148,1
268090,29,204,1
268104,13,35,1
268113,26,212,1
268129,18,94,1
268147,10,207,1
268152,43,198,1
268154,9,79,0
268242,87,202,1
268257,17,30,1
268262,5,110,0
268263,25,30,0
268287,108,211,1
268293,114,212,1
268331,54,158,1
268337,5,66,1
268344,10,139,1
268348,15,212,1
268352,21,63,1
268357,66,211,1
268373,9,180,1
268374,30,206,1
268389,30,208,1
268390,25,38,1
268408,7,66,1
268410,57,195,1
268420,15,183,1
268465,17,210,1
268473,39,209,1
268510,22,108,1
268516,32,99,1
268556,25,41,0
268558,15,118,1
268584,34,150,1
268600,14,206,1
268613,6,37,0
268618,18,118,1
268620,6,58,0
268641,14,129,1
268643,13,102,1
268647,7,203,1
268652,7,205,0
268678,5,136,0
268681,8,150,0
268682,5,33,0
268714,18,41,1
268718,17,196,1
268742,7,172,1
268764,75,200,1
268768,10,106,1
268792,7,83,1
268796,27,49,1
268800,23,172,1
268803,6,199,0
268805,28,80,1
268811,30,181,1
268817,12,200,1
268825,54,202,1
268827,42,82,1
268830,8,204,1
268857,9,62,1
268863,21,83,1
268866,7,46,1
268883,21,205,1
268892,42,189,1
268896,18,112,0
268903,11,111,1
268915,5,62,1
268922,53,157,1
268926,121,204,1
268962,23,202,1
268978,56,68,1
268985,111,204,1
268989,43,195,1
268990,82,199,1
268992,5,136,0
269000,18,58,1
269010,22,190,1
269012,5,33,1
269013,26,196,1
269016,13,191,1
269020,10,161,1
269030,5,105,1
269038,6,178,1
269040,40,191,1
269054,70,172,1
269064,38,173,1
269066,21,133,1
269068,8,180,1
269070,18,131,1
269099,5,149,0
269110,17,203,1
269126,6,35,0
269130,11,167,1
269135,5,95,0
269178,11,111,0
269188,8,89,1
269204,155,202,1
269220,20,38,1
269230,10,35,0
269289,10,140,1
269314,85,200,1
269373,5,115,0
269392,5,36,0
269470,11,45,1
269485,17,34,1
269518,53,135,1
269519,22,136,1
269522,5,150,0
269526,19,196,0
269535,6,62,1
269540,27,185,1
269541,39,189,1
269549,49,122,1
269560,9,134,0
269570,63,196,1
269594,5,39,1
269617,14,154,0
269646,45,53,1
269653,15,56,1
269660,6,197,0
269670,5,62,1
269671,15,60,1
269741,68,139,1
269744,20,71,1
269748,11,147,1
269754,10,123,1
269769,16,54,0
269771,16,65,1
269838,5,33,0
269843,8,37,1
269847,5,190,0
269862,8,183,1
269864,14,189,1
269872,18,48,0
269874,31,84,0
269898,11,81,1
269924,18,61,1
269934,23,148,1
269937,17,195,1
269959,32,146,1
269975,23,193,1
269978,12,50,1
269981,8,60,1
269984,27,182,1
270003,7,77,1
270004,5,52,0
270009,29,193,1
270014,7,77,1
270022,19,142,1
270036,20,49,1
270042,70,154,1
270062,10,139,1
270068,8,136,0
270075,64,111,1
270098,17,61,1
270135,8,73,1
270179,36,192,1
270183,5,55,1
270188,11,60,1
270193,13,153,0
270197,6,178,1
270216,6,165,1
270231,6,99,0
270232,7,94,0
270240,22,184,0
270244,5,163,1
270245,5,88,1
270247,10,85,1
270263,21,178,1
270265,10,42,1
270335,8,74,0
270367,26,184,1
270369,5,128,0
270393,21,62,1
270407,7,49,0
270435,6,169,1
270442,11,166,0
270458,5,128,0
270460,38,70,1
270462,6,106,0
270474,19,185,1
270484,9,130,0
270499,12,172,0
270573,5,95,0
270596,16,158,1
270599,28,44,1
270606,73,179,1
270607,15,191,1
270616,31,190,1
270619,10,61,1
270633,10,60,1
270648,5,32,1
270658,22,189,0
270671,84,171,1
270710,21,56,1
270725,15,66,1
270738,59,134,1
270787,9,62,0
270811,10,63,1
270833,23,43,1
270911,14,130,1
270928,8,53,1
270930,48,182,1
270931,16,175,1
270988,33,157,0
271015,69,187,1
271035,41,89,1
271083,8,42,0
271114,17,101,1
271140,25,116,1
271154,100,185,1
271185,73,185,1
271197,11,157,1
271203,7,73,0
271243,19,158,1
271258,6,86,0
271273,7,55,0
271300,23,31,1
271306,7,88,1
271326,104,174,1
271338,32,161,1
271348,35,165,1
271352,7,59,0
271371,13,93,1
271410,6,115,0
271465,17,159,1
271508,13,90,1
271519,101,180,1
271543,50,88,1
271557,6,48,1
271648,5,116,0
271664,42,149,1
271670,7,52,1
271691,6,41,0
271713,5,36,0
271761,27,166,1
271800,47,75,1
271837,15,81,1
271851,23,114,1
271856,20,101,1
271867,5,30,0
271896,20,155,1
271903,48,170,1
271925,24,125,1
271935,7,157,1
271950,43,168,1
271966,8,108,0
271991,108,172,1
272001,17,32,1
272029,57,169,1
272035,10,122,1
272058,28,176,1
272063,6,61,1
272068,7,96,0
272089,16,175,1
272144,14,80,1
272145,5,119,1
272157,17,165,1
272173,14,170,0
272175,10,161,0
272199,18,47,1
272255,17,48,1
272261,33,166,1
272283,31,151,1
272291,10,113,0
272320,6,76,0
272359,25,144,1
272395,14,167,0
272425,30,121,1
272436,15,58,0
272452,35,121,1
272460,5,50,0
272463,10,86,1
272472,36,117,1
272504,14,125,1
272510,57,171,1
272514,5,148,0
272554,5,84,0
272569,11,100,0
272570,18,94,1
272586,34,121,1
272596,75,169,0
272696,17,99,1
272717,33,91,1
272755,11,36,1
272792,8,96,0
272838,50,162,1
272842,56,112,0
272865,31,54,1
272887,19,167,1
272906,15,168,1
272907,8,33,0
272909,88,167,1
272923,11,168,1
272965,69,141,1
272977,13,157,1
272979,6,38,1
272991,52,162,1
273034,9,41,1
273060,92,167,1
273068,25,48,1
273103,11,33,0
273126,23,123,1
273131,7,149,1
273132,11,157,1
273136,21,58,1
273214,8,75,1
273236,6,68,0
273249,12,126,1
273272,7,87,0
273300,25,160,0
273303,5,138,0
273329,16,163,1
273423,63,124,1
273443,5,163,1
273486,25,39,0
273580,20,120,0
273599,10,98,0
273628,5,65,1
273630,18,161,1
273671,42,111,1
273773,7,95,0
273817,5,41,0
273841,48,155,1
273846,20,130,1
273852,5,70,1
273862,9,151,1
273936,46,148,1
273951,5,159,0
273992,28,123,1
273995,5,151,0
274000,12,83,1
274039,30,111,1
274050,44,145,1
274057,19,123,1
274070,57,127,1
274087,14,60,1
274098,6,41,0
274130,25,85,1
274157,5,37,1
274162,27,98,1
274163,26,98,1
274209,54,108,1
274267,7,87,0
274340,6,46,0
274342,6,43,0
274347,20,105,0
274377,11,102,1
274382,21,130,1
274422,5,135,0
274433,32,148,1
274438,8,154,1
274442,5,57,0
274460,30,85,1
274464,9,97,1
274475,21,137,1
274498,66,140,1
274536,37,152,1
274552,35,153,1
274564,55,153,1
274572,30,151,1
274576,29,84,1
274611,26,144,1
274624,5,90,0
274630,6,134,1
274631,8,149,1
274645,19,41,1
274663,10,132,1
274686,7,93,0
274693,5,113,0
274722,8,81,0
274751,5,38,0
274756,5,87,0
274781,46,124,1
274791,18,132,0
274798,49,150,1
274814,26,52,1
274825,46,133,1
274840,5,45,0
274861,95,143,1
274879,5,37,1
274893,10,137,1
274901,18,133,1
274906,42,87,1
274908,19,74,1
274929,11,37,0
274948,16,36,0
274958,7,37,1
274961,5,124,0
274994,25,133,1
274996,45,97,1
275004,5,91,0
275008,11,33,1
275033,19,39,1
275045,82,133,1
275050,22,64,1
275056,12,83,1
275069,5,56,1
275081,6,117,1
275100,46,136,1
275103,14,130,1
275112,6,126,1
275126,16,89,1
275129,44,63,1
275132,31,129,1
275148,9,112,1
275154,10,52,1
275158,21,135,1
275165,20,63,1
275173,45,121,1
275215,6,144,1
275246,9,51,1
275253,6,117,1
275276,48,141,1
275277,77,144,1
275284,6,80,0
275286,50,137,1
275298,5,33,0
275307,35,144,1
275362,12,80,1
275389,17,116,1
275408,5,30,1
275412,9,54,1
275413,9,76,1
275422,13,108,1
275438,12,109,1
275442,42,127,1
275444,6,43,1
275449,83,142,1
275457,10,57,1
275461,7,130,1
275463,5,70,1
275468,47,94,1
275470,44,65,1
275479,27,59,1
275498,12,68,1
275505,13,56,1
275510,17,133,1
275516,10,134,1
275518,16,132,1
275529,25,141,1
275548,14,119,1
275550,5,85,0
275552,30,46,1
275554,22,102,1
275566,17,140,1
275567,16,31,1
275574,16,33,1
275583,20,86,1
275586,7,107,0
275590,40,133,1
275591,11,131,1
275592,7,46,1
275594,9,75,0
275598,6,126,1
275624,69,138,1
275637,61,141,1
275677,22,138,1
275682,5,31,1
275684,19,118,1
275741,22,104,1
275757,13,119,1
275766,7,87,1
275780,5,42,0
275786,8,140,1
275799,11,78,1
275834,5,74,0
275860,5,82,0
275944,5,85,0
276104,17,136,1
276107,5,115,0
276112,17,124,1
276130,33,117,1
276135,21,60,1
276220,10,76,0
276232,12,73,1
276346,5,112,0
276355,6,52,0
276381,5,75,0
276420,27,89,1
276439,88,123,1
276510,41,125,1
276562,42,107,1
276598,18,134,1
276632,5,64,0
276671,24,121,1
276783,43,57,1
276784,38,113,1
276788,47,135,1
276852,10,79,0
276911,7,119,0
276938,31,47,0
276994,5,73,0
276998,20,110,1
277012,23,66,1
277026,5,65,0
277066,28,113,1
277084,97,134,1
277099,9,34,1
277109,13,34,0
277116,5,70,0
277182,5,74,1
277197,10,72,0
277238,28,127,0
277242,35,116,1
277271,11,82,1
277285,18,129,1
277322,29,105,1
277323,7,121,1
277325,7,114,0
277353,65,131,1
277363,7,47,0
277398,59,130,1
277399,6,55,0
277403,56,130,1
277410,23,119,1
277418,6,72,0
277419,14,121,1
277499,72,130,1
277508,36,60,1
277556,13,109,1
277562,46,113,1
277590,44,119,0
277591,5,121,1
277609,72,123,1
277657,5,98,1
277715,6,32,1
277718,9,120,0
277728,7,49,1
277782,13,51,0
277804,7,66,0
277821,15,62,1
277825,22,79,0
277834,15,127,1
277845,18,84,1
277864,78,127,1
277866,57,117,1
277886,23,127,1
277953,18,111,1
277964,18,112,1
278055,49,122,1
278088,10,42,0
278115,17,39,1
278129,32,121,1
278177,21,114,1
278192,7,37,0
278216,14,51,0
278258,7,76,0
278275,5,51,0
278280,24,119,1
278283,62,120,1
278304,9,70,0
278344,15,44,1
278409,6,119,1
278421,21,118,1
278434,7,58,0
278444,15,46,1
278459,37,119,1
278461,7,105,0
278483,6,46,1
278582,28,30,1
278586,26,61,1
278611,54,120,1
278642,24,91,1
278647,10,117,0
278701,29,116,1
278753,35,48,1
278758,11,103,1
278764,56,117,1
278788,29,101,1
278789,34,111,1
278827,10,113,0
278833,16,63,0
278851,48,120,1
278875,56,110,1
278881,32,106,1
278890,8,120,1
278906,23,117,1
278927,22,41,1
278958,11,102,1
278972,18,119,1
278995,9,102,1
279169,7,55,0
279178,7,85,1
279228,59,110,1
279229,9,113,1
279251,6,87,0
279264,31,60,1
279330,11,42,1
279352,23,115,1
279353,7,30,0
279404,17,105,1
279409,26,110,1
279424,6,69,1
279468,23,46,1
279470,7,64,1
279482,49,105,0
279508,38,111,1
279513,5,111,1
279532,5,38,0
279535,8,111,1
279537,8,39,1
279562,29,114,1
279625,8,113,1
279703,7,51,0
279722,10,77,1
279726,5,49,0
279735,13,113,1
279738,44,113,1
279741,10,96,0
279779,8,49,0
279874,5,37,0
279886,6,82,0
279909,21,101,1
279958,8,82,0
279969,5,36,0
280019,24,110,1
280031,15,97,1
280048,8,84,0
280067,30,103,1
280114,12,83,1
280121,81,107,1
280134,23,101,1
280148,17,107,1
280149,5,46,0
280159,13,96,0
280193,28,45,1
280207,15,57,1
280218,15,76,1
280233,27,99,0
280249,45,104,1
280307,5,39,0
280324,29,58,1
280330,18,60,1
280346,13,47,1
280372,21,62,1
280379,21,85,1
280386,5,31,0
280412,30,100,1
280427,17,40,1
280547,20,58,1
280548,66,106,0
280552,30,80,1
280611,24,43,1
280613,55,75,1
280644,26,102,0
280655,6,32,0
280689,13,38,1
280724,11,92,1
280772,24,38,1
280794,9,40,1
280814,32,76,1
280821,18,47,1
280850,13,66,1
280853,24,103,1
280863,8,46,1
280868,48,83,1
280897,5,96,1
280932,10,60,1
280946,6,33,0
280953,10,79,1
281010,11,35,1
281054,9,53,0
281076,8,80,1
281084,5,54,0
281095,40,75,1
281096,13,78,0
281107,9,87,0
281151,9,101,0
281196,17,36,1
281255,5,67,0
281259,7,99,0
281294,37,89,1
281295,10,37,0
281299,20,50,1
281325,6,51,0
281331,19,76,1
281339,15,77,0
281370,16,78,0
281376,6,34,0
281413,21,98,1
281440,27,64,1
281444,6,79,0
281453,20,77,1
281522,32,93,1
281565,6,35,0
281586,7,33,0
281608,42,96,1
281609,38,72,1
281671,35,81,1
281714,12,72,1
281742,22,87,1
281753,38,56,1
281764,5,30,0
281769,7,95,1
281782,5,63,0
281791,6,46,0
281796,24,89,1
281870,31,88,1
281885,8,87,1
281900,20,91,0
281925,29,94,1
281962,5,84,0
281966,12,93,1
281993,27,85,1
282010,7,88,1
282028,5,78,0
282032,14,56,1
282033,26,67,1
282066,31,88,1
282088,27,32,1
282121,45,89,1
282136,8,76,1
282159,9,46,0
282164,6,59,1
282214,5,60,1
282218,6,90,1
282235,11,53,1
282237,5,64,1
282273,29,81,1
282283,19,61,1
282291,38,84,1
282304,41,85,1
282313,5,54,0
282330,10,87,1
282336,12,30,1
282348,5,45,0
282370,6,45,0
282371,29,84,1
282376,5,53,0
282402,19,36,1
282408,25,86,1
282430,42,85,1
282442,25,55,1
282443,16,40,1
282446,15,80,1
282449,6,77,0
282462,19,88,1
282479,6,43,0
282481,5,64,0
282491,5,61,0
282504,6,79,1
282507,29,41,1
282520,10,44,1
282526,11,65,1
282529,13,81,1
282542,49,87,1
282553,15,71,1
282560,19,43,1
282564,18,69,1
282575,28,87,1
282576,9,61,1
282586,17,40,1
282591,44,77,1
282594,20,33,0
282595,20,73,1
282601,36,87,1
282602,5,43,0
282610,23,50,0
282614,7,79,1
282626,10,47,1
282637,15,41,1
282638,17,71,1
282640,15,86,1
282643,19,85,1
282668,8,33,1
282671,7,49,0
282687,40,81,1
282697,13,60,1
282706,18,47,0
282707,6,71,0
282726,22,84,1
282739,43,85,1
282741,6,80,1
282751,27,63,1
282757,9,44,1
282758,30,80,1
282776,17,73,1
282791,11,68,1
282803,14,44,1
282829,21,41,1
282839,45,84,1
282849,8,62,0
282853,9,52,0
282881,6,74,1
282892,13,74,1
282901,32,83,1
282910,6,73,1
282915,30,54,1
282926,21,32,1
282935,32,78,1
282937,10,45,1
282940,19,78,1
282948,12,79,1
282954,59,83,1
282960,11,72,1
282977,65,83,1
282986,39,76,0
282995,13,31,1
283005,22,74,1
283029,33,79,1
283089,8,77,0
283154,20,80,1
283166,14,47,0
283238,5,69,0
283239,26,64,0
283300,20,63,1
283382,5,68,0
283406,34,80,1
283452,17,73,1
283510,21,42,0
283550,10,52,1
283573,11,32,0
283576,24,71,1
283612,11,57,1
283636,18,63,1
283696,44,63,1
283730,20,31,1
283745,28,57,1
283779,5,36,0
283782,13,73,0
283806,5,59,1
283824,38,74,1
283854,12,35,1
283855,5,54,0
283873,6,57,0
283887,17,74,1
284015,8,76,0
284022,5,41,0
284066,36,47,1
284067,9,34,1
284072,24,54,1
284141,20,59,1
284152,31,72,1
284180,36,72,1
284241,23,70,1
284266,36,63,1
284292,14,59,1
284379,22,33,1
284400,8,47,0
284402,12,71,1
284411,5,61,0
284434,5,67,0
284438,69,73,1
284482,50,69,1
284487,23,37,0
284492,12,61,1
284530,29,70,1
284531,41,70,1
284532,7,49,0
284550,7,41,0
284556,11,42,0
284566,9,33,0
284612,8,64,0
284643,14,67,1
284790,8,45,0
284858,23,59,1
284867,6,39,0
284916,5,31,0
284923,7,65,0
284954,29,70,1
285191,12,68,0
285283,8,50,0
285296,12,39,0
285322,30,54,1
285352,50,67,1
285385,5,62,0
285397,36,66,1
285406,42,49,1
285411,35,61,1
285504,11,57,1
285776,21,65,1
285799,5,57,0
285968,8,64,0
286081,5,58,0
286190,7,59,1
286407,6,51,0
286418,16,62,0
286545,5,32,0
286557,5,42,0
286563,13,53,1
286606,11,34,1
286717,26,33,1
286753,10,55,1
286799,22,46,1
286824,12,36,0
286826,55,64,1
286834,26,59,1
287063,15,30,0
287143,45,63,1
287158,8,33,1
287238,10,57,1
287291,6,35,1
287330,18,33,1
287334,26,59,1
287363,8,57,0
287373,8,59,1
287453,7,36,0
287473,19,60,1
287490,32,50,1
287499,5,32,1
287548,6,48,1
287565,43,54,1
287688,19,33,1
287721,6,36,1
287737,9,58,1
287856,5,48,0
287896,9,49,1
287931,12,30,0
287975,22,55,1
288003,13,47,1
288016,5,55,0
288071,8,50,1
288088,9,54,0
288098,11,55,1
288117,6,37,0
288140,10,41,1
288142,6,32,1
288236,6,51,0
288269,48,54,1
288284,16,36,1
288315,29,53,1
288345,37,54,1
288487,10,51,1
288637,35,51,1
288659,10,31,1
288773,12,51,1
288782,10,42,1
288791,5,40,1
288793,21,48,1
288884,22,31,1
288909,27,49,1
288923,19,48,1
288948,8,50,0
289011,6,44,0
289019,14,41,1
289024,21,49,1
289037,7,39,0
289043,9,34,0
289045,7,47,0
289047,37,49,1
289048,12,49,1
289244,19,33,1
289263,8,30,1
289270,35,47,1
289329,12,38,1
289432,14,39,0
289517,18,40,1
289567,18,44,1
289609,11,44,1
289655,14,35,0
289748,5,38,0
289796,16,37,1
289798,13,40,1
289805,18,39,1
289820,11,31,0
289823,6,42,1
289827,8,40,1
289879,5,34,1
289985,13,31,0
290027,6,35,1
290239,9,37,0
290242,16,32,1
290353,20,38,1
290444,18,35,1
290487,8,34,1
290746,32,36,1
290843,21,34,1
290879,6,32,0
291053,14,30,1
291098,18,31,1
291116,33,32,1
291264,11,31,1
291323,7,30,0
291425,25,30,1
291462,31,30,1
